Tipo_Error,Archivo,Linea,Valor_Error,Descripción
Advertencia,AM,2,17134-01,Este valor no esta en el archivo de códigos
Advertencia,AM,3,C03AH006011,Este valor no esta en el archivo de códigos
Advertencia,AM,4,19905554-04,Este valor no esta en el archivo de códigos
Advertencia,AM,5,19936296-05,Este valor no esta en el archivo de códigos
Advertencia,AM,6,19962943-01,Este valor no esta en el archivo de códigos
Advertencia,AM,7,17134-01,Este valor no esta en el archivo de códigos
Advertencia,AM,8,23947-02,Este valor no esta en el archivo de códigos
Advertencia,AM,9,H02AP027011,Este valor no esta en el archivo de códigos
Advertencia,AM,10,17135-01,Este valor no esta en el archivo de códigos
Advertencia,AM,11,B03BF014011,Este valor no esta en el archivo de códigos
Advertencia,AM,12,C03AH006011,Este valor no esta en el archivo de códigos
Advertencia,AM,13,19917705-02,Este valor no esta en el archivo de códigos
Advertencia,AM,14,C07AM017161,Este valor no esta en el archivo de códigos
Advertencia,AM,15,51334-03,Este valor no esta en el archivo de códigos
Advertencia,AM,16,23947-02,Este valor no esta en el archivo de códigos
Advertencia,AM,17,19936296-05,Este valor no esta en el archivo de códigos
Advertencia,AM,18,19908144-01,Este valor no esta en el archivo de códigos
Advertencia,AM,19,N04BL003011,Este valor no esta en el archivo de códigos
Advertencia,AM,20,19914262-01,Este valor no esta en el archivo de códigos
Advertencia,AM,21,19950478-01,Este valor no esta en el archivo de códigos
Advertencia,AM,22,C03AH006011,Este valor no esta en el archivo de códigos
Advertencia,AM,23,C07AM017161,Este valor no esta en el archivo de códigos
Advertencia,AM,24,19962943-01,Este valor no esta en el archivo de códigos
Advertencia,AM,25,19953919-06,Este valor no esta en el archivo de códigos
Advertencia,AM,26,19924-01,Este valor no esta en el archivo de códigos
Advertencia,AM,27,23947-02,Este valor no esta en el archivo de códigos
Advertencia,AM,28,C07AM017161,Este valor no esta en el archivo de códigos
Advertencia,AM,29,51334-03,Este valor no esta en el archivo de códigos
Advertencia,AM,30,1981505-06,Este valor no esta en el archivo de códigos
Advertencia,AM,31,23947-02,Este valor no esta en el archivo de códigos
Advertencia,AM,32,19917705-02,Este valor no esta en el archivo de códigos
Advertencia,AM,33,19936296-05,Este valor no esta en el archivo de códigos
Advertencia,AM,34,C03AH006011,Este valor no esta en el archivo de códigos
Advertencia,AM,35,19905554-04,Este valor no esta en el archivo de códigos
Advertencia,AM,36,G03DM004711,Este valor no esta en el archivo de códigos
Advertencia,AM,37,C03AH006011,Este valor no esta en el archivo de códigos
Advertencia,AM,38,51334-03,Este valor no esta en el archivo de códigos
Advertencia,AM,39,1981505-06,Este valor no esta en el archivo de códigos
Advertencia,AM,40,219782-03,Este valor no esta en el archivo de códigos
Advertencia,AM,41,N03AV011141,Este valor no esta en el archivo de códigos
Advertencia,AM,42,C03AH006011,Este valor no esta en el archivo de códigos
Advertencia,AM,43,C07AM017161,Este valor no esta en el archivo de códigos
Advertencia,AM,44,19917705-02,Este valor no esta en el archivo de códigos
Advertencia,AM,45,19936296-05,Este valor no esta en el archivo de códigos
Advertencia,AM,46,J01DI004721,Este valor no esta en el archivo de códigos
Advertencia,AM,47,17145-02,Este valor no esta en el archivo de códigos
Advertencia,AM,48,10313237,Este valor no esta en el archivo de códigos
Advertencia,AM,49,P02CA008011,Este valor no esta en el archivo de códigos
Advertencia,AM,50,19917705-02,Este valor no esta en el archivo de códigos
Advertencia,AM,51,17134-01,Este valor no esta en el archivo de códigos
Advertencia,AM,52,H03AL006012,Este valor no esta en el archivo de códigos
Advertencia,AM,53,H03AL006011,Este valor no esta en el archivo de códigos
Advertencia,AM,54,A02BO002101,Este valor no esta en el archivo de códigos
Advertencia,AM,55,19908144-01,Este valor no esta en el archivo de códigos
Advertencia,AM,56,19905554-04,Este valor no esta en el archivo de códigos
Advertencia,AM,57,M01AD015021,Este valor no esta en el archivo de códigos
Advertencia,AM,58,A02BO002101,Este valor no esta en el archivo de códigos
Advertencia,AM,59,19917651-01,Este valor no esta en el archivo de códigos
Advertencia,AM,60,G03AC06,Este valor no esta en el archivo de códigos
Advertencia,AM,61,19912860-01,Este valor no esta en el archivo de códigos
Advertencia,AM,62,214251-04,Este valor no esta en el archivo de códigos
Advertencia,AM,63,C03AH006011,Este valor no esta en el archivo de códigos
Advertencia,AM,64,19917705-02,Este valor no esta en el archivo de códigos
Advertencia,AM,65,C07AM017161,Este valor no esta en el archivo de códigos
Advertencia,AM,66,G03AL005161,Este valor no esta en el archivo de códigos
Advertencia,AM,67,G03AL005161,Este valor no esta en el archivo de códigos
Advertencia,AM,68,N03AV012221,Este valor no esta en el archivo de códigos
Advertencia,AM,69,19934768-10,Este valor no esta en el archivo de códigos
Advertencia,AM,70,19917651-01,Este valor no esta en el archivo de códigos
Advertencia,AM,71,H03AL006011,Este valor no esta en el archivo de códigos
Advertencia,AM,72,H03AL006012,Este valor no esta en el archivo de códigos
Advertencia,AM,73,J01DI004721,Este valor no esta en el archivo de códigos
Advertencia,AM,74,N02BA001011,Este valor no esta en el archivo de códigos
Advertencia,AM,75,19940519-01,Este valor no esta en el archivo de códigos
Advertencia,AM,76,J01GG003703,Este valor no esta en el archivo de códigos
Advertencia,AM,77,C07AM017162,Este valor no esta en el archivo de códigos
Advertencia,AM,78,19905554-04,Este valor no esta en el archivo de códigos
Advertencia,AM,79,19962943-01,Este valor no esta en el archivo de códigos
Advertencia,AM,80,D01AC031301,Este valor no esta en el archivo de códigos
Advertencia,AM,81,D07AB004321,Este valor no esta en el archivo de códigos
Advertencia,AM,82,C03AH006011,Este valor no esta en el archivo de códigos
Advertencia,AM,83,C09AC004011,Este valor no esta en el archivo de códigos
Advertencia,AM,84,19905554-04,Este valor no esta en el archivo de códigos
Advertencia,AM,85,19962943-01,Este valor no esta en el archivo de códigos
Advertencia,AM,86,G03AC06,Este valor no esta en el archivo de códigos
Advertencia,AM,87,19934983-01,Este valor no esta en el archivo de códigos
Advertencia,AM,88,19905554-04,Este valor no esta en el archivo de códigos
Advertencia,AM,89,A10BG004011,Este valor no esta en el archivo de códigos
Advertencia,AM,90,19917705-02,Este valor no esta en el archivo de códigos
Advertencia,AM,91,19908016-12,Este valor no esta en el archivo de códigos
Advertencia,AM,92,J01DI004721,Este valor no esta en el archivo de códigos
Advertencia,AM,93,19917705-02,Este valor no esta en el archivo de códigos
Advertencia,AM,94,23947-02,Este valor no esta en el archivo de códigos
Advertencia,AM,95,1981505-06,Este valor no esta en el archivo de códigos
Advertencia,AM,96,C07AM017161,Este valor no esta en el archivo de códigos
Advertencia,AM,97,H03AL006011,Este valor no esta en el archivo de códigos
Advertencia,AM,98,19917705-02,Este valor no esta en el archivo de códigos
Advertencia,AM,99,19917705-02,Este valor no esta en el archivo de códigos
Advertencia,AM,100,A10BG004011,Este valor no esta en el archivo de códigos
Advertencia,AM,101,19905554-04,Este valor no esta en el archivo de códigos
Advertencia,AM,102,1981505-06,Este valor no esta en el archivo de códigos
Advertencia,AM,103,47193-03,Este valor no esta en el archivo de códigos
Advertencia,AM,104,N02AT020201,Este valor no esta en el archivo de códigos
Advertencia,AM,105,N02BA001011,Este valor no esta en el archivo de códigos
Advertencia,AM,106,19917705-02,Este valor no esta en el archivo de códigos
Advertencia,AM,107,C03AH006011,Este valor no esta en el archivo de códigos
Advertencia,AM,108,17134-01,Este valor no esta en el archivo de códigos
Advertencia,AM,109,C07AM017161,Este valor no esta en el archivo de códigos
Advertencia,AM,110,N03AC021011,Este valor no esta en el archivo de códigos
Advertencia,AM,111,N05AC032013,Este valor no esta en el archivo de códigos
Advertencia,AM,112,P02CA008011,Este valor no esta en el archivo de códigos
Advertencia,AM,113,C07AM017162,Este valor no esta en el archivo de códigos
Advertencia,AM,114,19917705-02,Este valor no esta en el archivo de códigos
Advertencia,AM,115,C02CP026011,Este valor no esta en el archivo de códigos
Advertencia,AM,116,17134-01,Este valor no esta en el archivo de códigos
Advertencia,AM,117,19905554-04,Este valor no esta en el archivo de códigos
Advertencia,AM,118,A10BG004011,Este valor no esta en el archivo de códigos
Advertencia,AM,119,19917705-02,Este valor no esta en el archivo de códigos
Advertencia,AM,120,C02CP026011,Este valor no esta en el archivo de códigos
Advertencia,AM,121,C07AM017162,Este valor no esta en el archivo de códigos
Advertencia,AM,122,19905554-04,Este valor no esta en el archivo de códigos
Advertencia,AM,123,19947421-01,Este valor no esta en el archivo de códigos
Advertencia,AM,124,H02AP027011,Este valor no esta en el archivo de códigos
Advertencia,AM,125,19942648-01,Este valor no esta en el archivo de códigos
Advertencia,AM,126,N02BA001011,Este valor no esta en el archivo de códigos
Advertencia,AM,127,19905554-04,Este valor no esta en el archivo de códigos
Advertencia,AM,128,1981505-06,Este valor no esta en el archivo de códigos
Advertencia,AM,129,G03AC06,Este valor no esta en el archivo de códigos
Advertencia,AM,130,19917705-02,Este valor no esta en el archivo de códigos
Advertencia,AM,131,C02CP026011,Este valor no esta en el archivo de códigos
Advertencia,AM,132,C07AM017162,Este valor no esta en el archivo de códigos
Advertencia,AM,133,19905554-04,Este valor no esta en el archivo de códigos
Advertencia,AM,134,A02BO002101,Este valor no esta en el archivo de códigos
Advertencia,AM,135,19962943-01,Este valor no esta en el archivo de códigos
Advertencia,AM,136,A02BO002101,Este valor no esta en el archivo de códigos
Advertencia,AM,137,19905554-04,Este valor no esta en el archivo de códigos
Advertencia,AM,138,A10BG004011,Este valor no esta en el archivo de códigos
Advertencia,AM,139,19962943-01,Este valor no esta en el archivo de códigos
Advertencia,AM,140,N06AA024011,Este valor no esta en el archivo de códigos
Advertencia,AM,141,17145-02,Este valor no esta en el archivo de códigos
Advertencia,AM,142,19917705-02,Este valor no esta en el archivo de códigos
Advertencia,AM,143,C07AM017161,Este valor no esta en el archivo de códigos
Advertencia,AM,144,55500-02,Este valor no esta en el archivo de códigos
Advertencia,AM,145,19917705-02,Este valor no esta en el archivo de códigos
Advertencia,AM,146,19927833-03,Este valor no esta en el archivo de códigos
Advertencia,AM,147,17134-01,Este valor no esta en el archivo de códigos
Advertencia,AM,148,N02AT020201,Este valor no esta en el archivo de códigos
Advertencia,AM,149,N02BA001011,Este valor no esta en el archivo de códigos
Advertencia,AM,150,19940779-01,Este valor no esta en el archivo de códigos
Advertencia,AM,151,17135-01,Este valor no esta en el archivo de códigos
Advertencia,AM,152,19908144-01,Este valor no esta en el archivo de códigos
Advertencia,AM,153,A06AB010021,Este valor no esta en el archivo de códigos
Advertencia,AM,154,19999392-03,Este valor no esta en el archivo de códigos
Advertencia,AM,155,J01DI004721,Este valor no esta en el archivo de códigos
Advertencia,AM,156,17145-02,Este valor no esta en el archivo de códigos
Advertencia,AM,157,C03AH006011,Este valor no esta en el archivo de códigos
Advertencia,AM,158,19917705-02,Este valor no esta en el archivo de códigos
Advertencia,AM,159,19962943-01,Este valor no esta en el archivo de códigos
Advertencia,AM,160,19905554-04,Este valor no esta en el archivo de códigos
Advertencia,AM,161,A10BG004011,Este valor no esta en el archivo de códigos
Advertencia,AM,162,19962943-01,Este valor no esta en el archivo de códigos
Advertencia,AM,163,19917705-02,Este valor no esta en el archivo de códigos
Advertencia,AM,164,19955566-01,Este valor no esta en el archivo de códigos
Advertencia,AM,165,51334-03,Este valor no esta en el archivo de códigos
Advertencia,AM,166,17134-01,Este valor no esta en el archivo de códigos
Advertencia,AM,167,19905554-04,Este valor no esta en el archivo de códigos
Advertencia,AM,168,1981505-06,Este valor no esta en el archivo de códigos
Advertencia,AM,169,C03AH006011,Este valor no esta en el archivo de códigos
Advertencia,AM,170,19917705-02,Este valor no esta en el archivo de códigos
Advertencia,AM,171,19956947-03,Este valor no esta en el archivo de códigos
Advertencia,AM,172,G03AC06,Este valor no esta en el archivo de códigos
Advertencia,AM,173,B03BF014011,Este valor no esta en el archivo de códigos
Advertencia,AM,174,19965399-06,Este valor no esta en el archivo de códigos
Advertencia,AM,175,19914806-03,Este valor no esta en el archivo de códigos
Advertencia,AM,176,C03AH006011,Este valor no esta en el archivo de códigos
Advertencia,AM,177,19905554-04,Este valor no esta en el archivo de códigos
Advertencia,AM,178,19962943-01,Este valor no esta en el archivo de códigos
Advertencia,AM,179,19917705-02,Este valor no esta en el archivo de códigos
Advertencia,AM,180,C03AH006011,Este valor no esta en el archivo de códigos
Advertencia,AM,181,H03AL006011,Este valor no esta en el archivo de códigos
Advertencia,AM,182,19955566-01,Este valor no esta en el archivo de códigos
Advertencia,AM,183,23947-02,Este valor no esta en el archivo de códigos
Advertencia,AM,184,19936296-05,Este valor no esta en el archivo de códigos
Advertencia,AM,185,23947-02,Este valor no esta en el archivo de códigos
Advertencia,AM,186,19917705-02,Este valor no esta en el archivo de códigos
Advertencia,AM,187,23947-02,Este valor no esta en el archivo de códigos
Advertencia,AM,188,19955566-01,Este valor no esta en el archivo de códigos
Advertencia,AM,189,19917705-02,Este valor no esta en el archivo de códigos
Advertencia,AM,190,C08DV016011,Este valor no esta en el archivo de códigos
Advertencia,AM,191,C03AH006011,Este valor no esta en el archivo de códigos
Advertencia,AM,192,19936296-05,Este valor no esta en el archivo de códigos
Advertencia,AM,193,C07AM017161,Este valor no esta en el archivo de códigos
Advertencia,AM,194,19917705-02,Este valor no esta en el archivo de códigos
Advertencia,AM,195,23947-02,Este valor no esta en el archivo de códigos
Advertencia,AM,196,19936296-05,Este valor no esta en el archivo de códigos
Advertencia,AM,197,51334-03,Este valor no esta en el archivo de códigos
Advertencia,AM,198,19936296-05,Este valor no esta en el archivo de códigos
Advertencia,AM,199,17134-01,Este valor no esta en el archivo de códigos
Advertencia,AM,200,19905554-04,Este valor no esta en el archivo de códigos
Advertencia,AM,201,1981505-06,Este valor no esta en el archivo de códigos
Advertencia,AM,202,L01BM018011,Este valor no esta en el archivo de códigos
Advertencia,AM,203,19936296-05,Este valor no esta en el archivo de códigos
Advertencia,AM,204,19925327-01,Este valor no esta en el archivo de códigos
Advertencia,AM,205,19924350-01,Este valor no esta en el archivo de códigos
Advertencia,AM,206,17145-02,Este valor no esta en el archivo de códigos
Advertencia,AM,207,19934768-10,Este valor no esta en el archivo de códigos
Advertencia,AM,208,23947-02,Este valor no esta en el archivo de códigos
Advertencia,AM,209,19917705-02,Este valor no esta en el archivo de códigos
Advertencia,AM,210,C07AM017161,Este valor no esta en el archivo de códigos
Advertencia,AM,211,19936296-05,Este valor no esta en el archivo de códigos
Advertencia,AM,212,C02CP026011,Este valor no esta en el archivo de códigos
Advertencia,AM,213,19942648-01,Este valor no esta en el archivo de códigos
Advertencia,AM,214,G03DM004011,Este valor no esta en el archivo de códigos
Advertencia,AM,215,G03AC06,Este valor no esta en el archivo de códigos
Advertencia,AM,216,C03AH006011,Este valor no esta en el archivo de códigos
Advertencia,AM,217,19917705-02,Este valor no esta en el archivo de códigos
Advertencia,AM,218,H03AL006011,Este valor no esta en el archivo de códigos
Advertencia,AM,219,A11CC003101,Este valor no esta en el archivo de códigos
Advertencia,AM,220,19905554-04,Este valor no esta en el archivo de códigos
Advertencia,AM,221,19917705-02,Este valor no esta en el archivo de códigos
Advertencia,AM,222,C07AM017162,Este valor no esta en el archivo de códigos
Advertencia,AM,223,17134-01,Este valor no esta en el archivo de códigos
Advertencia,AM,224,C03AH006011,Este valor no esta en el archivo de códigos
Advertencia,AM,225,19936296-05,Este valor no esta en el archivo de códigos
Advertencia,AM,226,A02BO002101,Este valor no esta en el archivo de códigos
Advertencia,AM,227,A11DT009141,Este valor no esta en el archivo de códigos
Advertencia,AM,228,N05AC032013,Este valor no esta en el archivo de códigos
Advertencia,AM,229,19917705-02,Este valor no esta en el archivo de códigos
Advertencia,AM,230,C07AM017161,Este valor no esta en el archivo de códigos
Advertencia,AM,231,C03AH006011,Este valor no esta en el archivo de códigos
Advertencia,AM,232,19936296-05,Este valor no esta en el archivo de códigos
Advertencia,AM,233,19962943-01,Este valor no esta en el archivo de códigos
Advertencia,AM,234,N02BA001011,Este valor no esta en el archivo de códigos
Advertencia,AM,235,R06AD018101,Este valor no esta en el archivo de códigos
Advertencia,AM,236,19992495-01,Este valor no esta en el archivo de códigos
Advertencia,AM,237,17145-02,Este valor no esta en el archivo de códigos
Advertencia,AM,238,N02BA001011,Este valor no esta en el archivo de códigos
Advertencia,AM,239,A07CS002251,Este valor no esta en el archivo de códigos
Advertencia,AM,240,A06AB010021,Este valor no esta en el archivo de códigos
Advertencia,AM,241,C02CP026011,Este valor no esta en el archivo de códigos
Advertencia,AM,242,C09AC004011,Este valor no esta en el archivo de códigos
Advertencia,AM,243,C03AH006011,Este valor no esta en el archivo de códigos
Advertencia,AM,244,1981505-06,Este valor no esta en el archivo de códigos
Advertencia,AM,245,19944375-04,Este valor no esta en el archivo de códigos
Advertencia,AM,246,19992495-01,Este valor no esta en el archivo de códigos
Advertencia,AM,247,19917651-01,Este valor no esta en el archivo de códigos
Advertencia,AM,248,19934768-10,Este valor no esta en el archivo de códigos
Advertencia,AM,249,N02AT020201,Este valor no esta en el archivo de códigos
Advertencia,AM,250,C07AM017161,Este valor no esta en el archivo de códigos
Advertencia,AM,251,51334-03,Este valor no esta en el archivo de códigos
Advertencia,AM,252,23947-02,Este valor no esta en el archivo de códigos
Advertencia,AM,253,C08DV016011,Este valor no esta en el archivo de códigos
Advertencia,AM,254,C03AH006011,Este valor no esta en el archivo de códigos
Advertencia,AM,255,19936296-05,Este valor no esta en el archivo de códigos
Advertencia,AM,256,19917705-02,Este valor no esta en el archivo de códigos
Advertencia,AM,257,C08DV016011,Este valor no esta en el archivo de códigos
Advertencia,AM,258,23947-02,Este valor no esta en el archivo de códigos
Advertencia,AM,259,19905554-04,Este valor no esta en el archivo de códigos
Advertencia,AM,260,19936296-05,Este valor no esta en el archivo de códigos
Advertencia,AM,261,H03AL006011,Este valor no esta en el archivo de códigos
Advertencia,AM,262,19917705-02,Este valor no esta en el archivo de códigos
Advertencia,AM,263,C03AH006011,Este valor no esta en el archivo de códigos
Advertencia,AM,264,19948782-03,Este valor no esta en el archivo de códigos
Advertencia,AM,265,17145-02,Este valor no esta en el archivo de códigos
Advertencia,AM,266,19934768-10,Este valor no esta en el archivo de códigos
Advertencia,AM,267,G03AC06,Este valor no esta en el archivo de códigos
Advertencia,AM,268,19917705-02,Este valor no esta en el archivo de códigos
Advertencia,AM,269,19936296-05,Este valor no esta en el archivo de códigos
Advertencia,AM,270,19962943-01,Este valor no esta en el archivo de códigos
Advertencia,AM,271,19908144-01,Este valor no esta en el archivo de códigos
Advertencia,AM,272,51334-03,Este valor no esta en el archivo de códigos
Advertencia,AM,273,19955566-01,Este valor no esta en el archivo de códigos
Advertencia,AM,274,23947-02,Este valor no esta en el archivo de códigos
Advertencia,AM,275,19936296-05,Este valor no esta en el archivo de códigos
Advertencia,AM,276,H03AL006012,Este valor no esta en el archivo de códigos
Advertencia,AM,277,H03AL006011,Este valor no esta en el archivo de códigos
Advertencia,AM,278,19917705-02,Este valor no esta en el archivo de códigos
Advertencia,AM,279,C07AM017161,Este valor no esta en el archivo de códigos
Advertencia,AM,280,19936296-05,Este valor no esta en el archivo de códigos
Advertencia,AM,281,23947-02,Este valor no esta en el archivo de códigos
Advertencia,AM,282,G03AC06,Este valor no esta en el archivo de códigos
Advertencia,AM,283,19905554-04,Este valor no esta en el archivo de códigos
Advertencia,AM,284,23947-02,Este valor no esta en el archivo de códigos
Advertencia,AM,285,23947-02,Este valor no esta en el archivo de códigos
Advertencia,AM,286,19936296-05,Este valor no esta en el archivo de códigos
Advertencia,AM,287,G03AC06,Este valor no esta en el archivo de códigos
Advertencia,AM,288,S01BF011601,Este valor no esta en el archivo de códigos
Advertencia,AM,289,19960548-03,Este valor no esta en el archivo de códigos
Advertencia,AM,290,A07CS002251,Este valor no esta en el archivo de códigos
Advertencia,AM,291,33492-07,Este valor no esta en el archivo de códigos
Advertencia,AM,292,C08CN008141,Este valor no esta en el archivo de códigos
Advertencia,AM,293,19953919-06,Este valor no esta en el archivo de códigos
Advertencia,AM,294,19917705-02,Este valor no esta en el archivo de códigos
Advertencia,AM,295,19925327-01,Este valor no esta en el archivo de códigos
Advertencia,AM,296,19924350-01,Este valor no esta en el archivo de códigos
Advertencia,AM,297,19980450-01,Este valor no esta en el archivo de códigos
Advertencia,AM,298,33438-02,Este valor no esta en el archivo de códigos
Advertencia,AM,299,19917705-02,Este valor no esta en el archivo de códigos
Advertencia,AM,300,C03AH006011,Este valor no esta en el archivo de códigos
Advertencia,AM,301,17134-01,Este valor no esta en el archivo de códigos
Advertencia,AM,302,C02CP026011,Este valor no esta en el archivo de códigos
Advertencia,AM,303,51334-03,Este valor no esta en el archivo de códigos
Advertencia,AM,304,19914262-01,Este valor no esta en el archivo de códigos
Advertencia,AM,305,19950478-01,Este valor no esta en el archivo de códigos
Advertencia,AM,306,19917705-02,Este valor no esta en el archivo de códigos
Advertencia,AM,307,19905554-04,Este valor no esta en el archivo de códigos
Advertencia,AM,308,19936296-05,Este valor no esta en el archivo de códigos
Advertencia,AM,309,19908144-01,Este valor no esta en el archivo de códigos
Advertencia,AM,310,A02BO002101,Este valor no esta en el archivo de códigos
Advertencia,AM,311,A06AB010021,Este valor no esta en el archivo de códigos
Advertencia,AM,312,N03AC005011,Este valor no esta en el archivo de códigos
Advertencia,AM,313,19934983-01,Este valor no esta en el archivo de códigos
Advertencia,AM,314,D07AB004321,Este valor no esta en el archivo de códigos
Advertencia,AM,315,38375-03,Este valor no esta en el archivo de códigos
Advertencia,AM,316,19917705-02,Este valor no esta en el archivo de códigos
Advertencia,AM,317,19936296-05,Este valor no esta en el archivo de códigos
Advertencia,AM,318,19960548-03,Este valor no esta en el archivo de códigos
Advertencia,AM,319,33492-07,Este valor no esta en el archivo de códigos
Advertencia,AM,320,19908144-01,Este valor no esta en el archivo de códigos
Advertencia,AM,321,19983869-04,Este valor no esta en el archivo de códigos
Advertencia,AM,322,A10BG004011,Este valor no esta en el archivo de códigos
Advertencia,AM,323,23947-02,Este valor no esta en el archivo de códigos
Advertencia,AM,324,19905554-04,Este valor no esta en el archivo de códigos
Advertencia,AM,325,19936296-05,Este valor no esta en el archivo de códigos
Advertencia,AM,326,N03AV011141,Este valor no esta en el archivo de códigos
Advertencia,AM,327,N04BB008011,Este valor no esta en el archivo de códigos
Advertencia,AM,328,N05AH001701,Este valor no esta en el archivo de códigos
Advertencia,AM,329,19940779-01,Este valor no esta en el archivo de códigos
Advertencia,AM,330,19965399-06,Este valor no esta en el archivo de códigos
Advertencia,AM,331,B03BF014011,Este valor no esta en el archivo de códigos
Advertencia,AM,332,19914806-03,Este valor no esta en el archivo de códigos
Advertencia,AM,333,19936296-05,Este valor no esta en el archivo de códigos
Advertencia,AM,334,N02AT020201,Este valor no esta en el archivo de códigos
Advertencia,AM,335,41063-01,Este valor no esta en el archivo de códigos
Advertencia,AM,336,N06AA024011,Este valor no esta en el archivo de códigos
Advertencia,AM,337,19944374-06,Este valor no esta en el archivo de códigos
Advertencia,AM,338,19940519-01,Este valor no esta en el archivo de códigos
Advertencia,AM,339,19956780-01,Este valor no esta en el archivo de códigos
Advertencia,AM,340,1981505-06,Este valor no esta en el archivo de códigos
Advertencia,AM,341,H03AL006012,Este valor no esta en el archivo de códigos
Advertencia,AM,342,H03AL006011,Este valor no esta en el archivo de códigos
Advertencia,AM,343,19925327-01,Este valor no esta en el archivo de códigos
Advertencia,AM,344,C03AH006011,Este valor no esta en el archivo de códigos
Advertencia,AM,345,51334-03,Este valor no esta en el archivo de códigos
Advertencia,AM,346,19936296-05,Este valor no esta en el archivo de códigos
Advertencia,AM,347,P01AT012011,Este valor no esta en el archivo de códigos
Advertencia,AM,348,19914262-01,Este valor no esta en el archivo de códigos
Advertencia,AM,349,19950478-01,Este valor no esta en el archivo de códigos
Advertencia,AM,350,19917705-02,Este valor no esta en el archivo de códigos
Advertencia,AM,351,19936296-05,Este valor no esta en el archivo de códigos
Advertencia,AM,352,17134-01,Este valor no esta en el archivo de códigos
Advertencia,AM,353,23947-02,Este valor no esta en el archivo de códigos
Advertencia,AM,354,19962943-01,Este valor no esta en el archivo de códigos
Advertencia,AM,355,19917705-02,Este valor no esta en el archivo de códigos
Advertencia,AM,356,19936296-05,Este valor no esta en el archivo de códigos
Advertencia,AM,357,19917705-02,Este valor no esta en el archivo de códigos
Advertencia,AM,358,C02CP026011,Este valor no esta en el archivo de códigos
Advertencia,AM,359,23947-02,Este valor no esta en el archivo de códigos
Advertencia,AM,360,19955566-01,Este valor no esta en el archivo de códigos
Advertencia,AM,361,19936296-05,Este valor no esta en el archivo de códigos
Advertencia,AM,362,A11CC003101,Este valor no esta en el archivo de códigos
Advertencia,AM,363,19934983-01,Este valor no esta en el archivo de códigos
Advertencia,AM,364,N02BA001011,Este valor no esta en el archivo de códigos
Advertencia,AM,365,19917705-02,Este valor no esta en el archivo de códigos
Advertencia,AM,366,C08DV016011,Este valor no esta en el archivo de códigos
Advertencia,AM,367,23947-02,Este valor no esta en el archivo de códigos
Advertencia,AM,368,19936296-05,Este valor no esta en el archivo de códigos
Advertencia,AM,369,19905554-04,Este valor no esta en el archivo de códigos
Advertencia,AM,370,A10AI008702,Este valor no esta en el archivo de códigos
Advertencia,AM,371,G03AC06,Este valor no esta en el archivo de códigos
Advertencia,AM,372,19917705-02,Este valor no esta en el archivo de códigos
Advertencia,AM,373,C03AH006011,Este valor no esta en el archivo de códigos
Advertencia,AM,374,19917705-02,Este valor no esta en el archivo de códigos
Advertencia,AM,375,C03AH006011,Este valor no esta en el archivo de códigos
Advertencia,AM,376,17134-01,Este valor no esta en el archivo de códigos
Advertencia,AM,377,19936296-05,Este valor no esta en el archivo de códigos
Advertencia,AM,378,19962943-01,Este valor no esta en el archivo de códigos
Advertencia,AM,379,19917705-02,Este valor no esta en el archivo de códigos
Advertencia,AM,380,19936296-05,Este valor no esta en el archivo de códigos
Advertencia,AM,381,19917705-02,Este valor no esta en el archivo de códigos
Advertencia,AM,382,C08DV016011,Este valor no esta en el archivo de códigos
Advertencia,AM,383,19953919-06,Este valor no esta en el archivo de códigos
Advertencia,AM,384,A11CC003101,Este valor no esta en el archivo de códigos
Advertencia,AM,385,N02BA001011,Este valor no esta en el archivo de códigos
Advertencia,AM,386,19983869-04,Este valor no esta en el archivo de códigos
Advertencia,AM,387,C08DV016011,Este valor no esta en el archivo de códigos
Advertencia,AM,388,23947-02,Este valor no esta en el archivo de códigos
Advertencia,AM,389,19936296-05,Este valor no esta en el archivo de códigos
Advertencia,AM,390,19917705-02,Este valor no esta en el archivo de códigos
Advertencia,AM,391,23947-02,Este valor no esta en el archivo de códigos
Advertencia,AM,392,19962943-01,Este valor no esta en el archivo de códigos
Advertencia,AM,393,19936296-05,Este valor no esta en el archivo de códigos
Advertencia,AM,394,17134-01,Este valor no esta en el archivo de códigos
Advertencia,AM,395,19905554-04,Este valor no esta en el archivo de códigos
Advertencia,AM,396,A10BG004011,Este valor no esta en el archivo de códigos
Advertencia,AM,397,1981505-06,Este valor no esta en el archivo de códigos
Advertencia,AM,398,19953919-06,Este valor no esta en el archivo de códigos
Advertencia,AM,399,C02CP026011,Este valor no esta en el archivo de códigos
Advertencia,AM,400,51334-03,Este valor no esta en el archivo de códigos
Advertencia,AM,401,23947-02,Este valor no esta en el archivo de códigos
Advertencia,AM,402,19936296-05,Este valor no esta en el archivo de códigos
Advertencia,AM,403,C03AH006011,Este valor no esta en el archivo de códigos
Advertencia,AM,404,A02BO002101,Este valor no esta en el archivo de códigos
Advertencia,AM,405,20005748-01,Este valor no esta en el archivo de códigos
Advertencia,AM,406,19914806-03,Este valor no esta en el archivo de códigos
Advertencia,AM,407,B03BF014011,Este valor no esta en el archivo de códigos
Advertencia,AM,408,A02BO002101,Este valor no esta en el archivo de códigos
Advertencia,AM,409,19914806-03,Este valor no esta en el archivo de códigos
Advertencia,AM,410,B03BF014011,Este valor no esta en el archivo de códigos
Advertencia,AM,411,P02CA008011,Este valor no esta en el archivo de códigos
Advertencia,AM,412,19914806-03,Este valor no esta en el archivo de códigos
Advertencia,AM,413,B03BF014011,Este valor no esta en el archivo de códigos
Advertencia,AM,414,C08DV016011,Este valor no esta en el archivo de códigos
Advertencia,AM,415,23947-02,Este valor no esta en el archivo de códigos
Advertencia,AM,416,C03DE008011,Este valor no esta en el archivo de códigos
Advertencia,AM,417,19917705-02,Este valor no esta en el archivo de códigos
Advertencia,AM,418,19936296-05,Este valor no esta en el archivo de códigos
Advertencia,AM,419,19962943-01,Este valor no esta en el archivo de códigos
Advertencia,AM,420,19905554-04,Este valor no esta en el archivo de códigos
Advertencia,AM,421,51334-03,Este valor no esta en el archivo de códigos
Advertencia,AM,422,C03AH006011,Este valor no esta en el archivo de códigos
Advertencia,AM,423,17145-02,Este valor no esta en el archivo de códigos
Advertencia,AM,424,19944375-04,Este valor no esta en el archivo de códigos
Advertencia,AM,425,G03AL005161,Este valor no esta en el archivo de códigos
Advertencia,AM,426,A10AI008702,Este valor no esta en el archivo de códigos
Advertencia,AM,427,19905554-04,Este valor no esta en el archivo de códigos
Advertencia,AM,428,23947-02,Este valor no esta en el archivo de códigos
Advertencia,AM,429,C07AM017161,Este valor no esta en el archivo de códigos
Advertencia,AM,430,19917705-02,Este valor no esta en el archivo de códigos
Advertencia,AM,431,C02CP026011,Este valor no esta en el archivo de códigos
Advertencia,AM,432,19936296-05,Este valor no esta en el archivo de códigos
Advertencia,AM,433,19962943-01,Este valor no esta en el archivo de códigos
Advertencia,AM,434,19943961-03,Este valor no esta en el archivo de códigos
Advertencia,AM,435,214251-04,Este valor no esta en el archivo de códigos
Advertencia,AM,436,C03AH006011,Este valor no esta en el archivo de códigos
Advertencia,AM,437,51334-03,Este valor no esta en el archivo de códigos
Advertencia,AM,438,17134-01,Este valor no esta en el archivo de códigos
Advertencia,AM,439,19936296-05,Este valor no esta en el archivo de códigos
Advertencia,AM,440,19955566-01,Este valor no esta en el archivo de códigos
Advertencia,AM,441,19936296-05,Este valor no esta en el archivo de códigos
Advertencia,AM,442,19925327-01,Este valor no esta en el archivo de códigos
Advertencia,AM,443,C09AC004011,Este valor no esta en el archivo de códigos
Advertencia,AM,444,17134-01,Este valor no esta en el archivo de códigos
Advertencia,AM,445,19936296-05,Este valor no esta en el archivo de códigos
Advertencia,AM,446,N04BL003011,Este valor no esta en el archivo de códigos
Advertencia,AM,447,19951944-01,Este valor no esta en el archivo de códigos
Advertencia,AM,448,19905554-04,Este valor no esta en el archivo de códigos
Advertencia,AM,449,17134-01,Este valor no esta en el archivo de códigos
Advertencia,AM,450,19917705-02,Este valor no esta en el archivo de códigos
Advertencia,AM,451,A02BO002101,Este valor no esta en el archivo de códigos
Advertencia,AM,452,C03AH006011,Este valor no esta en el archivo de códigos
Advertencia,AM,453,19983869-04,Este valor no esta en el archivo de códigos
Advertencia,AM,454,23947-02,Este valor no esta en el archivo de códigos
Advertencia,AM,455,19955566-01,Este valor no esta en el archivo de códigos
Advertencia,AM,456,19917705-02,Este valor no esta en el archivo de códigos
Advertencia,AM,457,19924-01,Este valor no esta en el archivo de códigos
Advertencia,AM,458,19936296-05,Este valor no esta en el archivo de códigos
Advertencia,AM,459,19962943-01,Este valor no esta en el archivo de códigos
Advertencia,AM,460,19905554-04,Este valor no esta en el archivo de códigos
Advertencia,AM,461,A10BG004011,Este valor no esta en el archivo de códigos
Advertencia,AM,462,P02CA008011,Este valor no esta en el archivo de códigos
Advertencia,AM,463,19908144-01,Este valor no esta en el archivo de códigos
Advertencia,AM,464,19965399-06,Este valor no esta en el archivo de códigos
Advertencia,AM,465,19914806-03,Este valor no esta en el archivo de códigos
Advertencia,AM,466,B03BF014011,Este valor no esta en el archivo de códigos
Advertencia,AM,467,19917705-02,Este valor no esta en el archivo de códigos
Advertencia,AM,468,19936296-05,Este valor no esta en el archivo de códigos
Advertencia,AM,469,23947-02,Este valor no esta en el archivo de códigos
Advertencia,AM,470,19936296-05,Este valor no esta en el archivo de códigos
Advertencia,AM,471,P02CA008011,Este valor no esta en el archivo de códigos
Advertencia,AM,472,B03BF014011,Este valor no esta en el archivo de códigos
Advertencia,AM,473,19914806-03,Este valor no esta en el archivo de códigos
Advertencia,AM,474,214251-04,Este valor no esta en el archivo de códigos
Advertencia,AM,475,1031044441,Este valor no esta en el archivo de códigos
Advertencia,AM,476,19944374-06,Este valor no esta en el archivo de códigos
Advertencia,AM,477,19943961-03,Este valor no esta en el archivo de códigos
Advertencia,AM,478,51334-03,Este valor no esta en el archivo de códigos
Advertencia,AM,479,19936296-05,Este valor no esta en el archivo de códigos
Advertencia,AM,480,G03AL005161,Este valor no esta en el archivo de códigos
Advertencia,AM,481,C07AM017161,Este valor no esta en el archivo de códigos
Advertencia,AM,482,17134-01,Este valor no esta en el archivo de códigos
Advertencia,AM,483,C03AH006011,Este valor no esta en el archivo de códigos
Advertencia,AM,484,19917705-02,Este valor no esta en el archivo de códigos
Advertencia,AM,485,19917705-02,Este valor no esta en el archivo de códigos
Advertencia,AM,486,19936296-05,Este valor no esta en el archivo de códigos
Advertencia,AM,487,19962943-01,Este valor no esta en el archivo de códigos
Advertencia,AM,488,B04AC035251,Este valor no esta en el archivo de códigos
Advertencia,AM,489,19953919-06,Este valor no esta en el archivo de códigos
Advertencia,AM,490,C03AH006011,Este valor no esta en el archivo de códigos
Advertencia,AM,491,19983869-04,Este valor no esta en el archivo de códigos
Advertencia,AM,492,19942648-01,Este valor no esta en el archivo de códigos
Advertencia,AM,493,44392-01,Este valor no esta en el archivo de códigos
Advertencia,AM,494,A10BG004011,Este valor no esta en el archivo de códigos
Advertencia,AM,495,19905554-04,Este valor no esta en el archivo de códigos
Advertencia,AM,496,19917705-02,Este valor no esta en el archivo de códigos
Advertencia,AM,497,23947-02,Este valor no esta en el archivo de códigos
Advertencia,AM,498,19962943-01,Este valor no esta en el archivo de códigos
Advertencia,AM,499,A11CC003101,Este valor no esta en el archivo de códigos
Advertencia,AM,500,A11CC003101,Este valor no esta en el archivo de códigos
Advertencia,AM,501,A02BO002101,Este valor no esta en el archivo de códigos
Advertencia,AM,502,M04AC034011,Este valor no esta en el archivo de códigos
Advertencia,AM,503,19908144-01,Este valor no esta en el archivo de códigos
Advertencia,AM,504,19956947-03,Este valor no esta en el archivo de códigos
Advertencia,AM,505,19914262-01,Este valor no esta en el archivo de códigos
Advertencia,AM,506,19950478-01,Este valor no esta en el archivo de códigos
Advertencia,AM,507,19953919-06,Este valor no esta en el archivo de códigos
Advertencia,AM,508,C02CP026011,Este valor no esta en el archivo de códigos
Advertencia,AM,509,19917705-02,Este valor no esta en el archivo de códigos
Advertencia,AM,510,20005748-01,Este valor no esta en el archivo de códigos
Advertencia,AM,511,19936296-05,Este valor no esta en el archivo de códigos
Advertencia,AM,512,23947-02,Este valor no esta en el archivo de códigos
Advertencia,AM,513,N02AT020201,Este valor no esta en el archivo de códigos
Advertencia,AM,514,C03AH006011,Este valor no esta en el archivo de códigos
Advertencia,AM,515,19914262-01,Este valor no esta en el archivo de códigos
Advertencia,AM,516,19950478-01,Este valor no esta en el archivo de códigos
Advertencia,AM,517,N03AV011141,Este valor no esta en el archivo de códigos
Advertencia,AM,518,C03AH006011,Este valor no esta en el archivo de códigos
Advertencia,AM,519,C07AM017161,Este valor no esta en el archivo de códigos
Advertencia,AM,520,19917705-02,Este valor no esta en el archivo de códigos
Advertencia,AM,521,23947-02,Este valor no esta en el archivo de códigos
Advertencia,AM,522,19936296-05,Este valor no esta en el archivo de códigos
Advertencia,AM,523,N05AC032013,Este valor no esta en el archivo de códigos
Advertencia,AM,524,N04BB008011,Este valor no esta en el archivo de códigos
Advertencia,AM,525,47193-03,Este valor no esta en el archivo de códigos
Advertencia,AM,526,C09AC004011,Este valor no esta en el archivo de códigos
Advertencia,AM,527,C03AH006011,Este valor no esta en el archivo de códigos
Advertencia,AM,528,19936296-05,Este valor no esta en el archivo de códigos
Advertencia,AM,529,C08CN008141,Este valor no esta en el archivo de códigos
Advertencia,AM,530,19908016-12,Este valor no esta en el archivo de códigos
Advertencia,AM,531,C03AH006011,Este valor no esta en el archivo de códigos
Advertencia,AM,532,19917705-02,Este valor no esta en el archivo de códigos
Advertencia,AM,533,19917705-02,Este valor no esta en el archivo de códigos
Advertencia,AM,534,C08DV016011,Este valor no esta en el archivo de códigos
Advertencia,AM,535,1981505-06,Este valor no esta en el archivo de códigos
Advertencia,AM,536,19953919-06,Este valor no esta en el archivo de códigos
Advertencia,AM,537,C03AH006011,Este valor no esta en el archivo de códigos
Advertencia,AM,538,C07AM017161,Este valor no esta en el archivo de códigos
Advertencia,AM,539,19917705-02,Este valor no esta en el archivo de códigos
Advertencia,AM,540,A02BO002101,Este valor no esta en el archivo de códigos
Advertencia,AM,541,19956947-03,Este valor no esta en el archivo de códigos
Advertencia,AM,542,G03AC06,Este valor no esta en el archivo de códigos
Advertencia,AM,543,19917705-02,Este valor no esta en el archivo de códigos
Advertencia,AM,544,19936296-05,Este valor no esta en el archivo de códigos
Advertencia,AM,545,19905554-04,Este valor no esta en el archivo de códigos
Advertencia,AM,546,A02BO002101,Este valor no esta en el archivo de códigos
Advertencia,AM,547,19924-01,Este valor no esta en el archivo de códigos
Advertencia,AM,548,19917705-02,Este valor no esta en el archivo de códigos
Advertencia,AM,549,C03AH006011,Este valor no esta en el archivo de códigos
Advertencia,AM,550,J01CD016102,Este valor no esta en el archivo de códigos
Advertencia,AM,551,19917705-02,Este valor no esta en el archivo de códigos
Advertencia,AM,552,C07AM017161,Este valor no esta en el archivo de códigos
Advertencia,AM,553,C03AH006011,Este valor no esta en el archivo de códigos
Advertencia,AM,554,1981505-06,Este valor no esta en el archivo de códigos
Advertencia,AM,555,J01CD016102,Este valor no esta en el archivo de códigos
Advertencia,AM,556,19999392-03,Este valor no esta en el archivo de códigos
Advertencia,AM,557,19934768-10,Este valor no esta en el archivo de códigos
Advertencia,AM,558,J01FE007141,Este valor no esta en el archivo de códigos
Advertencia,AM,559,19942648-01,Este valor no esta en el archivo de códigos
Advertencia,AM,560,19917705-02,Este valor no esta en el archivo de códigos
Advertencia,AM,561,17134-01,Este valor no esta en el archivo de códigos
Advertencia,AM,562,C07AM017161,Este valor no esta en el archivo de códigos
Advertencia,AM,563,23947-02,Este valor no esta en el archivo de códigos
Advertencia,AM,564,H03AL006011,Este valor no esta en el archivo de códigos
Advertencia,AM,565,19917705-02,Este valor no esta en el archivo de códigos
Advertencia,AM,566,17134-01,Este valor no esta en el archivo de códigos
Advertencia,AM,567,C07AM017162,Este valor no esta en el archivo de códigos
Advertencia,AM,568,19936296-05,Este valor no esta en el archivo de códigos
Advertencia,AM,569,N03AV011141,Este valor no esta en el archivo de códigos
Advertencia,AM,570,N02AT020201,Este valor no esta en el archivo de códigos
Advertencia,AM,571,19948782-03,Este valor no esta en el archivo de códigos
Advertencia,AM,572,N05AC032013,Este valor no esta en el archivo de códigos
Advertencia,AM,573,N03AC021012,Este valor no esta en el archivo de códigos
Advertencia,AM,574,19962943-01,Este valor no esta en el archivo de códigos
Advertencia,AM,575,B03BF014011,Este valor no esta en el archivo de códigos
Advertencia,AM,576,19936296-05,Este valor no esta en el archivo de códigos
Advertencia,AM,577,19924-01,Este valor no esta en el archivo de códigos
Advertencia,AM,578,38375-03,Este valor no esta en el archivo de códigos
Advertencia,AM,579,39293-01,Este valor no esta en el archivo de códigos
Advertencia,AM,580,A02BO002101,Este valor no esta en el archivo de códigos
Advertencia,AM,581,17135-01,Este valor no esta en el archivo de códigos
Advertencia,AM,582,A02BS014011,Este valor no esta en el archivo de códigos
Advertencia,AM,583,B03BF014011,Este valor no esta en el archivo de códigos
Advertencia,AM,584,17134-01,Este valor no esta en el archivo de códigos
Advertencia,AM,585,19917705-02,Este valor no esta en el archivo de códigos
Advertencia,AM,586,19905554-04,Este valor no esta en el archivo de códigos
Advertencia,AM,587,A10BG004011,Este valor no esta en el archivo de códigos
Advertencia,AM,588,A02BO002101,Este valor no esta en el archivo de códigos
Advertencia,AM,589,J01CD016102,Este valor no esta en el archivo de códigos
Advertencia,AM,590,19934768-10,Este valor no esta en el archivo de códigos
Advertencia,AM,591,J01CD016102,Este valor no esta en el archivo de códigos
Advertencia,AM,592,1980020-03,Este valor no esta en el archivo de códigos
Advertencia,AM,593,19983869-04,Este valor no esta en el archivo de códigos
Advertencia,AM,594,19924-01,Este valor no esta en el archivo de códigos
Advertencia,AM,595,19917651-01,Este valor no esta en el archivo de códigos
Advertencia,AM,596,19948782-03,Este valor no esta en el archivo de códigos
Advertencia,AM,597,17145-02,Este valor no esta en el archivo de códigos
Advertencia,AM,598,51334-03,Este valor no esta en el archivo de códigos
Advertencia,AM,599,1981505-06,Este valor no esta en el archivo de códigos
Advertencia,AM,600,19980450-01,Este valor no esta en el archivo de códigos
Advertencia,AM,601,19948782-03,Este valor no esta en el archivo de códigos
Advertencia,AM,602,19942378-01,Este valor no esta en el archivo de códigos
Advertencia,AM,603,N06AA024011,Este valor no esta en el archivo de códigos
Advertencia,AM,604,A10BG004011,Este valor no esta en el archivo de códigos
Advertencia,AM,605,G01AM020501,Este valor no esta en el archivo de códigos
Advertencia,AM,606,19905554-04,Este valor no esta en el archivo de códigos
Advertencia,AM,607,19936296-05,Este valor no esta en el archivo de códigos
Advertencia,AM,608,19962943-01,Este valor no esta en el archivo de códigos
Advertencia,AM,609,C03AH006011,Este valor no esta en el archivo de códigos
Advertencia,AM,610,C03AH006011,Este valor no esta en el archivo de códigos
Advertencia,AM,611,51334-03,Este valor no esta en el archivo de códigos
Advertencia,AM,612,C03AH006011,Este valor no esta en el archivo de códigos
Advertencia,AM,613,17134-01,Este valor no esta en el archivo de códigos
Advertencia,AM,614,A11DT009141,Este valor no esta en el archivo de códigos
Advertencia,AM,615,19925327-01,Este valor no esta en el archivo de códigos
Advertencia,AM,616,19980450-01,Este valor no esta en el archivo de códigos
Advertencia,AM,617,19924350-01,Este valor no esta en el archivo de códigos
Advertencia,AM,618,1981505-06,Este valor no esta en el archivo de códigos
Advertencia,AM,619,G03AC06,Este valor no esta en el archivo de códigos
Advertencia,AM,620,C07AM017161,Este valor no esta en el archivo de códigos
Advertencia,AM,621,19917705-02,Este valor no esta en el archivo de códigos
Advertencia,AM,622,23947-02,Este valor no esta en el archivo de códigos
Advertencia,AM,623,H03AL006012,Este valor no esta en el archivo de códigos
Advertencia,AM,624,19908144-01,Este valor no esta en el archivo de códigos
Advertencia,AM,625,19905554-04,Este valor no esta en el archivo de códigos
Advertencia,AM,626,C08DV016011,Este valor no esta en el archivo de códigos
Advertencia,AM,627,1980389-01,Este valor no esta en el archivo de códigos
Advertencia,AM,628,23947-02,Este valor no esta en el archivo de códigos
Advertencia,AM,629,19905554-04,Este valor no esta en el archivo de códigos
Advertencia,AM,630,19908144-01,Este valor no esta en el archivo de códigos
Advertencia,AM,631,H03AL006012,Este valor no esta en el archivo de códigos
Advertencia,AM,632,C07AM017162,Este valor no esta en el archivo de códigos
Advertencia,AM,633,23947-02,Este valor no esta en el archivo de códigos
Advertencia,AM,634,C03DE008012,Este valor no esta en el archivo de códigos
Advertencia,AM,635,C08DV016011,Este valor no esta en el archivo de códigos
Advertencia,AM,636,44392-01,Este valor no esta en el archivo de códigos
Advertencia,AM,637,A02BO002101,Este valor no esta en el archivo de códigos
Advertencia,AM,638,17134-01,Este valor no esta en el archivo de códigos
Advertencia,AM,639,19962943-01,Este valor no esta en el archivo de códigos
Advertencia,AM,640,23947-02,Este valor no esta en el archivo de códigos
Advertencia,AM,641,19914262-01,Este valor no esta en el archivo de códigos
Advertencia,AM,642,C02CP026011,Este valor no esta en el archivo de códigos
Advertencia,AM,643,19917705-02,Este valor no esta en el archivo de códigos
Advertencia,AM,644,17134-01,Este valor no esta en el archivo de códigos
Advertencia,AM,645,C03AH006011,Este valor no esta en el archivo de códigos
Advertencia,AM,646,19917705-02,Este valor no esta en el archivo de códigos
Advertencia,AM,647,17134-01,Este valor no esta en el archivo de códigos
Advertencia,AM,648,C07AM017161,Este valor no esta en el archivo de códigos
Advertencia,AM,649,H03AL006011,Este valor no esta en el archivo de códigos
Advertencia,AM,650,H03AL006012,Este valor no esta en el archivo de códigos
Advertencia,AM,651,51334-03,Este valor no esta en el archivo de códigos
Advertencia,AM,652,A06AB010021,Este valor no esta en el archivo de códigos
Advertencia,AM,653,D07AB004321,Este valor no esta en el archivo de códigos
Advertencia,AM,654,D01AC031321,Este valor no esta en el archivo de códigos
Advertencia,AM,655,17145-02,Este valor no esta en el archivo de códigos
Advertencia,AM,656,19944374-06,Este valor no esta en el archivo de códigos
Advertencia,AM,657,19925327-01,Este valor no esta en el archivo de códigos
Advertencia,AM,658,19934507-01,Este valor no esta en el archivo de códigos
Advertencia,AM,659,19955566-01,Este valor no esta en el archivo de códigos
Advertencia,AM,660,19917705-02,Este valor no esta en el archivo de códigos
Advertencia,AM,661,23947-02,Este valor no esta en el archivo de códigos
Advertencia,AM,662,19936296-05,Este valor no esta en el archivo de códigos
Advertencia,AM,663,N03AF003013,Este valor no esta en el archivo de códigos
Advertencia,AM,664,C07AM017161,Este valor no esta en el archivo de códigos
Advertencia,AM,665,17134-01,Este valor no esta en el archivo de códigos
Advertencia,AM,666,19936296-05,Este valor no esta en el archivo de códigos
Advertencia,AM,667,19917705-02,Este valor no esta en el archivo de códigos
Advertencia,AM,668,1981505-06,Este valor no esta en el archivo de códigos
Advertencia,AM,669,17144-01,Este valor no esta en el archivo de códigos
Advertencia,AM,670,19934507-01,Este valor no esta en el archivo de códigos
Advertencia,AM,671,19912860-01,Este valor no esta en el archivo de códigos
Advertencia,AM,672,19983869-04,Este valor no esta en el archivo de códigos
Advertencia,AM,673,23947-02,Este valor no esta en el archivo de códigos
Advertencia,AM,674,19905554-04,Este valor no esta en el archivo de códigos
Advertencia,AM,675,19936296-05,Este valor no esta en el archivo de códigos
Advertencia,AM,676,N03AC021012,Este valor no esta en el archivo de códigos
Advertencia,AM,677,19962943-01,Este valor no esta en el archivo de códigos
Advertencia,AM,678,17134-01,Este valor no esta en el archivo de códigos
Advertencia,AM,679,19917705-02,Este valor no esta en el archivo de códigos
Advertencia,AM,680,19969274-01,Este valor no esta en el archivo de códigos
Advertencia,AM,681,B03BF014011,Este valor no esta en el archivo de códigos
Advertencia,AM,682,H02AP027011,Este valor no esta en el archivo de códigos
Advertencia,AM,683,17135-01,Este valor no esta en el archivo de códigos
Advertencia,AM,684,19934983-01,Este valor no esta en el archivo de códigos
Advertencia,AM,685,17134-01,Este valor no esta en el archivo de códigos
Advertencia,AM,686,23947-02,Este valor no esta en el archivo de códigos
Advertencia,AM,687,19917705-02,Este valor no esta en el archivo de códigos
Advertencia,AM,688,C07AM017161,Este valor no esta en el archivo de códigos
Advertencia,AM,689,1981505-06,Este valor no esta en el archivo de códigos
Advertencia,AM,690,G01AM020501,Este valor no esta en el archivo de códigos
Advertencia,AM,691,17145-02,Este valor no esta en el archivo de códigos
Advertencia,AM,692,P02CA008011,Este valor no esta en el archivo de códigos
Advertencia,AM,693,19950177-01,Este valor no esta en el archivo de códigos
Advertencia,AM,694,19943961-03,Este valor no esta en el archivo de códigos
Advertencia,AM,695,D07AB004321,Este valor no esta en el archivo de códigos
Advertencia,AM,696,A10BG004011,Este valor no esta en el archivo de códigos
Advertencia,AM,697,19905554-04,Este valor no esta en el archivo de códigos
Advertencia,AM,698,1981505-06,Este valor no esta en el archivo de códigos
Advertencia,AM,699,A10AI008702,Este valor no esta en el archivo de códigos
Advertencia,AM,700,19905554-04,Este valor no esta en el archivo de códigos
Advertencia,AM,701,19908144-01,Este valor no esta en el archivo de códigos
Advertencia,AM,702,19917705-02,Este valor no esta en el archivo de códigos
Advertencia,AM,703,19936296-05,Este valor no esta en el archivo de códigos
Advertencia,AM,704,19962943-01,Este valor no esta en el archivo de códigos
Advertencia,AM,705,51334-03,Este valor no esta en el archivo de códigos
Advertencia,AM,706,23947-02,Este valor no esta en el archivo de códigos
Advertencia,AM,707,19936296-05,Este valor no esta en el archivo de códigos
Advertencia,AM,708,N04BL003011,Este valor no esta en el archivo de códigos
Advertencia,AM,709,19908144-01,Este valor no esta en el archivo de códigos
Advertencia,AM,710,19914262-01,Este valor no esta en el archivo de códigos
Advertencia,AM,711,19950478-01,Este valor no esta en el archivo de códigos
Advertencia,AM,712,19983869-04,Este valor no esta en el archivo de códigos
Advertencia,AM,713,23947-02,Este valor no esta en el archivo de códigos
Advertencia,AM,714,19936296-05,Este valor no esta en el archivo de códigos
Advertencia,AM,715,C03AH006011,Este valor no esta en el archivo de códigos
Advertencia,AM,716,17134-01,Este valor no esta en el archivo de códigos
Advertencia,AM,717,19917705-02,Este valor no esta en el archivo de códigos
Advertencia,AM,718,C03AH006011,Este valor no esta en el archivo de códigos
Advertencia,AM,719,19936296-05,Este valor no esta en el archivo de códigos
Advertencia,AM,720,23947-02,Este valor no esta en el archivo de códigos
Advertencia,AM,721,19955566-01,Este valor no esta en el archivo de códigos
Advertencia,AM,722,19936296-05,Este valor no esta en el archivo de códigos
Advertencia,AM,723,A02BO002101,Este valor no esta en el archivo de códigos
Advertencia,AM,724,17135-01,Este valor no esta en el archivo de códigos
Advertencia,AM,725,N06AA024011,Este valor no esta en el archivo de códigos
Advertencia,AM,726,205264-01,Este valor no esta en el archivo de códigos
Advertencia,AM,727,19950478-01,Este valor no esta en el archivo de códigos
Advertencia,AM,728,D01AC031321,Este valor no esta en el archivo de códigos
Advertencia,AM,729,D07AB004321,Este valor no esta en el archivo de códigos
Advertencia,AM,730,19980450-01,Este valor no esta en el archivo de códigos
Advertencia,AM,731,19934768-10,Este valor no esta en el archivo de códigos
Advertencia,AM,732,19956780-01,Este valor no esta en el archivo de códigos
Advertencia,AM,733,19949535-01,Este valor no esta en el archivo de códigos
Advertencia,AM,734,19953919-06,Este valor no esta en el archivo de códigos
Advertencia,AM,735,19936072-01,Este valor no esta en el archivo de códigos
Advertencia,AM,736,19944375-04,Este valor no esta en el archivo de códigos
Advertencia,AM,737,19924-01,Este valor no esta en el archivo de códigos
Advertencia,AM,738,19942378-01,Este valor no esta en el archivo de códigos
Advertencia,AM,739,17145-02,Este valor no esta en el archivo de códigos
Advertencia,AM,740,19943961-03,Este valor no esta en el archivo de códigos
Advertencia,AM,741,N06AA024011,Este valor no esta en el archivo de códigos
Advertencia,AM,742,20014778-01,Este valor no esta en el archivo de códigos
Advertencia,AM,743,A02BS014011,Este valor no esta en el archivo de códigos
Advertencia,AM,744,17145-02,Este valor no esta en el archivo de códigos
Advertencia,AM,745,19977699-01,Este valor no esta en el archivo de códigos
Advertencia,AM,746,A06AB010021,Este valor no esta en el archivo de códigos
Advertencia,AM,747,G03AC06,Este valor no esta en el archivo de códigos
Advertencia,AM,748,G03AC06,Este valor no esta en el archivo de códigos
Advertencia,AM,749,G03AL005161,Este valor no esta en el archivo de códigos
Advertencia,AM,750,19983869-04,Este valor no esta en el archivo de códigos
Advertencia,AM,751,17134-01,Este valor no esta en el archivo de códigos
Advertencia,AM,752,C03AH006011,Este valor no esta en el archivo de códigos
Advertencia,AM,753,C03AH006011,Este valor no esta en el archivo de códigos
Advertencia,AM,754,19917705-02,Este valor no esta en el archivo de códigos
Advertencia,AM,755,C07AM017161,Este valor no esta en el archivo de códigos
Advertencia,AM,756,C03AH006011,Este valor no esta en el archivo de códigos
Advertencia,AM,757,19936296-05,Este valor no esta en el archivo de códigos
Advertencia,AM,758,51334-03,Este valor no esta en el archivo de códigos
Advertencia,AM,759,C02CP026011,Este valor no esta en el archivo de códigos
Advertencia,AM,760,19936296-05,Este valor no esta en el archivo de códigos
Advertencia,AM,761,C03AH006011,Este valor no esta en el archivo de códigos
Advertencia,AM,762,17134-01,Este valor no esta en el archivo de códigos
Advertencia,AM,763,19917705-02,Este valor no esta en el archivo de códigos
Advertencia,AM,764,C03AH006011,Este valor no esta en el archivo de códigos
Advertencia,AM,765,19917705-02,Este valor no esta en el archivo de códigos
Advertencia,AM,766,C08DV016011,Este valor no esta en el archivo de códigos
Advertencia,AM,767,23947-02,Este valor no esta en el archivo de códigos
Advertencia,AM,768,1981505-06,Este valor no esta en el archivo de códigos
Advertencia,AM,769,19917705-02,Este valor no esta en el archivo de códigos
Advertencia,AM,770,C03AH006011,Este valor no esta en el archivo de códigos
Advertencia,AM,771,G03AL005161,Este valor no esta en el archivo de códigos
Advertencia,AM,772,G03AL005161,Este valor no esta en el archivo de códigos
Advertencia,AM,773,G03AC06,Este valor no esta en el archivo de códigos
Advertencia,AM,774,G03AC06,Este valor no esta en el archivo de códigos
Advertencia,AM,775,G03AL005161,Este valor no esta en el archivo de códigos
Advertencia,AM,776,C03AH006011,Este valor no esta en el archivo de códigos
Advertencia,AM,777,19917705-02,Este valor no esta en el archivo de códigos
Advertencia,AM,778,19983869-04,Este valor no esta en el archivo de códigos
Advertencia,AM,779,17134-01,Este valor no esta en el archivo de códigos
Advertencia,AM,780,C03AH006011,Este valor no esta en el archivo de códigos
Advertencia,AM,781,19955566-01,Este valor no esta en el archivo de códigos
Advertencia,AM,782,23947-02,Este valor no esta en el archivo de códigos
Advertencia,AM,783,H03AL006012,Este valor no esta en el archivo de códigos
Advertencia,AM,784,A11CC003101,Este valor no esta en el archivo de códigos
Advertencia,AM,785,17145-02,Este valor no esta en el archivo de códigos
Advertencia,AM,786,N02CE006141,Este valor no esta en el archivo de códigos
Advertencia,AM,787,C08DV016011,Este valor no esta en el archivo de códigos
Advertencia,AM,788,19917705-02,Este valor no esta en el archivo de códigos
Advertencia,AM,789,23947-02,Este valor no esta en el archivo de códigos
Advertencia,AM,790,H03AL006012,Este valor no esta en el archivo de códigos
Advertencia,AM,791,19955371-01,Este valor no esta en el archivo de códigos
Advertencia,AM,792,19960390-01,Este valor no esta en el archivo de códigos
Advertencia,AM,793,19958767-02,Este valor no esta en el archivo de códigos
Advertencia,AM,794,G03AL005161,Este valor no esta en el archivo de códigos
Advertencia,AM,795,17134-01,Este valor no esta en el archivo de códigos
Advertencia,AM,796,19962943-01,Este valor no esta en el archivo de códigos
Advertencia,AM,797,19936296-05,Este valor no esta en el archivo de códigos
Advertencia,AM,798,20002868-02,Este valor no esta en el archivo de códigos
Advertencia,AM,799,19917705-02,Este valor no esta en el archivo de códigos
Advertencia,AM,800,C07AM017161,Este valor no esta en el archivo de códigos
Advertencia,AM,801,19962943-01,Este valor no esta en el archivo de códigos
Advertencia,AM,802,19905554-04,Este valor no esta en el archivo de códigos
Advertencia,AM,803,19936296-05,Este valor no esta en el archivo de códigos
Advertencia,AM,804,19962943-01,Este valor no esta en el archivo de códigos
Advertencia,AM,805,19925327-01,Este valor no esta en el archivo de códigos
Advertencia,AM,806,19924350-01,Este valor no esta en el archivo de códigos
Advertencia,AM,807,19980450-01,Este valor no esta en el archivo de códigos
Advertencia,AM,808,33438-02,Este valor no esta en el archivo de códigos
Advertencia,AM,809,19940779-01,Este valor no esta en el archivo de códigos
Advertencia,AM,810,19924-01,Este valor no esta en el archivo de códigos
Advertencia,AM,811,20002868-02,Este valor no esta en el archivo de códigos
Advertencia,AM,812,51334-03,Este valor no esta en el archivo de códigos
Advertencia,AM,813,C03AH006011,Este valor no esta en el archivo de códigos
Advertencia,AM,814,C03AH006011,Este valor no esta en el archivo de códigos
Advertencia,AM,815,19917705-02,Este valor no esta en el archivo de códigos
Advertencia,AM,816,C07AM017161,Este valor no esta en el archivo de códigos
Advertencia,AM,817,19908144-01,Este valor no esta en el archivo de códigos
Advertencia,AM,818,19917705-02,Este valor no esta en el archivo de códigos
Advertencia,AM,819,23947-02,Este valor no esta en el archivo de códigos
Advertencia,AM,820,19927833-03,Este valor no esta en el archivo de códigos
Advertencia,AM,821,19936296-05,Este valor no esta en el archivo de códigos
Advertencia,AM,822,19917705-02,Este valor no esta en el archivo de códigos
Advertencia,AM,823,23947-02,Este valor no esta en el archivo de códigos
Advertencia,AM,824,19927833-03,Este valor no esta en el archivo de códigos
Advertencia,AM,825,19936296-05,Este valor no esta en el archivo de códigos
Advertencia,AM,826,23947-02,Este valor no esta en el archivo de códigos
Advertencia,AM,827,51334-03,Este valor no esta en el archivo de códigos
Advertencia,AM,828,H03AL006011,Este valor no esta en el archivo de códigos
Advertencia,AM,829,G03AL005161,Este valor no esta en el archivo de códigos
Advertencia,AM,830,19943961-03,Este valor no esta en el archivo de códigos
Advertencia,AM,831,19934768-10,Este valor no esta en el archivo de códigos
Advertencia,AM,832,17145-02,Este valor no esta en el archivo de códigos
Advertencia,AM,833,20002868-02,Este valor no esta en el archivo de códigos
Advertencia,AM,834,19944375-04,Este valor no esta en el archivo de códigos
Advertencia,AM,835,20002868-02,Este valor no esta en el archivo de códigos
Advertencia,AM,836,20002868-02,Este valor no esta en el archivo de códigos
Advertencia,AM,837,19914806-03,Este valor no esta en el archivo de códigos
Advertencia,AM,838,19965399-06,Este valor no esta en el archivo de códigos
Advertencia,AM,839,B03BF014011,Este valor no esta en el archivo de códigos
Advertencia,AM,840,20002868-02,Este valor no esta en el archivo de códigos
Advertencia,AM,841,19936296-05,Este valor no esta en el archivo de códigos
Advertencia,AM,842,19962943-01,Este valor no esta en el archivo de códigos
Advertencia,AM,843,A02BO002101,Este valor no esta en el archivo de códigos
Advertencia,AM,844,17145-02,Este valor no esta en el archivo de códigos
Advertencia,AM,845,A02BO002101,Este valor no esta en el archivo de códigos
Advertencia,AM,846,19983869-04,Este valor no esta en el archivo de códigos
Advertencia,AM,847,17134-01,Este valor no esta en el archivo de códigos
Advertencia,AM,848,C03AH006011,Este valor no esta en el archivo de códigos
Advertencia,AM,849,19905554-04,Este valor no esta en el archivo de códigos
Advertencia,AM,850,20002868-02,Este valor no esta en el archivo de códigos
Advertencia,AM,851,19917705-02,Este valor no esta en el archivo de códigos
Advertencia,AM,852,19962943-01,Este valor no esta en el archivo de códigos
Advertencia,AM,853,51334-03,Este valor no esta en el archivo de códigos
Advertencia,AM,854,C09AC004011,Este valor no esta en el archivo de códigos
Advertencia,AM,855,C03AH006011,Este valor no esta en el archivo de códigos
Advertencia,AM,856,D01AC031321,Este valor no esta en el archivo de códigos
Advertencia,AM,857,40194-02,Este valor no esta en el archivo de códigos
Advertencia,AM,858,19928206-01,Este valor no esta en el archivo de códigos
Advertencia,AM,859,19955566-01,Este valor no esta en el archivo de códigos
Advertencia,AM,860,C03AH006011,Este valor no esta en el archivo de códigos
Advertencia,AM,861,C09AC004011,Este valor no esta en el archivo de códigos
Advertencia,AM,862,G03AL005161,Este valor no esta en el archivo de códigos
Advertencia,AM,863,G03AL005161,Este valor no esta en el archivo de códigos
Advertencia,AM,864,G03AL005161,Este valor no esta en el archivo de códigos
Advertencia,AM,865,20002868-02,Este valor no esta en el archivo de códigos
Advertencia,AM,866,N06AA024011,Este valor no esta en el archivo de códigos
Advertencia,AM,867,C03AH006011,Este valor no esta en el archivo de códigos
Advertencia,AM,868,A02BO002101,Este valor no esta en el archivo de códigos
Advertencia,AM,869,19905554-04,Este valor no esta en el archivo de códigos
Advertencia,AM,870,C07AM017161,Este valor no esta en el archivo de códigos
Advertencia,AM,871,19917705-02,Este valor no esta en el archivo de códigos
Advertencia,AM,872,G03AL005161,Este valor no esta en el archivo de códigos
Advertencia,AM,873,19925327-01,Este valor no esta en el archivo de códigos
Advertencia,AM,874,19980450-01,Este valor no esta en el archivo de códigos
Advertencia,AM,875,G03DM004711,Este valor no esta en el archivo de códigos
Advertencia,AM,876,19950177-01,Este valor no esta en el archivo de códigos
Advertencia,AM,877,19999392-03,Este valor no esta en el archivo de códigos
Advertencia,AM,878,230361-01,Este valor no esta en el archivo de códigos
Advertencia,AM,879,19917651-01,Este valor no esta en el archivo de códigos
Advertencia,AM,880,19934768-10,Este valor no esta en el archivo de códigos
Advertencia,AM,881,19948782-03,Este valor no esta en el archivo de códigos
Advertencia,AM,882,C08DV016011,Este valor no esta en el archivo de códigos
Advertencia,AM,883,19917705-02,Este valor no esta en el archivo de códigos
Advertencia,AM,884,23947-02,Este valor no esta en el archivo de códigos
Advertencia,AM,885,19955566-01,Este valor no esta en el archivo de códigos
Advertencia,AM,886,19962943-01,Este valor no esta en el archivo de códigos
Advertencia,AM,887,19959763-01,Este valor no esta en el archivo de códigos
Advertencia,AM,888,19934768-10,Este valor no esta en el archivo de códigos
Advertencia,AM,889,N06AA024011,Este valor no esta en el archivo de códigos
Advertencia,AM,890,N06AI005022,Este valor no esta en el archivo de códigos
Advertencia,AM,891,19953919-06,Este valor no esta en el archivo de códigos
Advertencia,AM,892,19913783-02,Este valor no esta en el archivo de códigos
Advertencia,AM,893,N02BA001011,Este valor no esta en el archivo de códigos
Advertencia,AM,894,C07AM017161,Este valor no esta en el archivo de códigos
Advertencia,AM,895,51334-03,Este valor no esta en el archivo de códigos
Advertencia,AM,896,19936296-05,Este valor no esta en el archivo de códigos
Advertencia,AM,897,1984621-01,Este valor no esta en el archivo de códigos
Advertencia,AM,898,19962943-01,Este valor no esta en el archivo de códigos
Advertencia,AM,899,A02BO002101,Este valor no esta en el archivo de códigos
Advertencia,AM,900,19917705-02,Este valor no esta en el archivo de códigos
Advertencia,AM,901,C07AM017161,Este valor no esta en el archivo de códigos
Advertencia,AM,902,20005748-01,Este valor no esta en el archivo de códigos
Advertencia,AM,903,23947-02,Este valor no esta en el archivo de códigos
Advertencia,AM,904,19905554-04,Este valor no esta en el archivo de códigos
Advertencia,AM,905,19962943-01,Este valor no esta en el archivo de códigos
Advertencia,AM,906,A02BO002101,Este valor no esta en el archivo de códigos
Advertencia,AM,907,19959763-01,Este valor no esta en el archivo de códigos
Advertencia,AM,908,19934768-10,Este valor no esta en el archivo de códigos
Advertencia,AM,909,M01AD015021,Este valor no esta en el archivo de códigos
Advertencia,AM,910,23947-02,Este valor no esta en el archivo de códigos
Advertencia,AM,911,C07AM017161,Este valor no esta en el archivo de códigos
Advertencia,AM,912,17134-01,Este valor no esta en el archivo de códigos
Advertencia,AM,913,19917705-02,Este valor no esta en el archivo de códigos
Advertencia,AM,914,C07AM017161,Este valor no esta en el archivo de códigos
Advertencia,AM,915,19936296-05,Este valor no esta en el archivo de códigos
Advertencia,AM,916,19905554-04,Este valor no esta en el archivo de códigos
Advertencia,AM,917,1981505-06,Este valor no esta en el archivo de códigos
Advertencia,AM,918,51334-03,Este valor no esta en el archivo de códigos
Advertencia,AM,919,17134-01,Este valor no esta en el archivo de códigos
Advertencia,AM,920,19936296-05,Este valor no esta en el archivo de códigos
Advertencia,AM,921,19917651-01,Este valor no esta en el archivo de códigos
Advertencia,AM,922,17145-02,Este valor no esta en el archivo de códigos
Advertencia,AM,923,19927833-03,Este valor no esta en el archivo de códigos
Advertencia,AM,924,19917705-02,Este valor no esta en el archivo de códigos
Advertencia,AM,925,17134-01,Este valor no esta en el archivo de códigos
Advertencia,AM,926,C03AH006011,Este valor no esta en el archivo de códigos
Advertencia,AM,927,19917651-01,Este valor no esta en el archivo de códigos
Advertencia,AM,928,N02BA001011,Este valor no esta en el archivo de códigos
Advertencia,AM,929,G03DM004711,Este valor no esta en el archivo de códigos
Advertencia,AM,930,19950177-01,Este valor no esta en el archivo de códigos
Advertencia,AM,931,201967-01,Este valor no esta en el archivo de códigos
Advertencia,AM,932,19949535-01,Este valor no esta en el archivo de códigos
Advertencia,AM,933,A02BO002101,Este valor no esta en el archivo de códigos
Advertencia,AM,934,B03BF014011,Este valor no esta en el archivo de códigos
Advertencia,AM,935,19914806-03,Este valor no esta en el archivo de códigos
Advertencia,AM,936,19965399-06,Este valor no esta en el archivo de códigos
Advertencia,AM,937,19934768-10,Este valor no esta en el archivo de códigos
Advertencia,AM,938,N02BA001011,Este valor no esta en el archivo de códigos
Advertencia,AM,939,17145-02,Este valor no esta en el archivo de códigos
Advertencia,AM,940,N02BA001011,Este valor no esta en el archivo de códigos
Advertencia,AM,941,17145-02,Este valor no esta en el archivo de códigos
Advertencia,AM,942,19934768-10,Este valor no esta en el archivo de códigos
Advertencia,AM,943,51334-03,Este valor no esta en el archivo de códigos
Advertencia,AM,944,C03AH006011,Este valor no esta en el archivo de códigos
Advertencia,AM,945,17134-01,Este valor no esta en el archivo de códigos
Advertencia,AM,946,19940779-01,Este valor no esta en el archivo de códigos
Advertencia,AM,947,1981505-06,Este valor no esta en el archivo de códigos
Advertencia,AM,948,C03AH006011,Este valor no esta en el archivo de códigos
Advertencia,AM,949,51334-03,Este valor no esta en el archivo de códigos
Advertencia,AM,950,A11CC003101,Este valor no esta en el archivo de códigos
Advertencia,AM,951,19908144-01,Este valor no esta en el archivo de códigos
Advertencia,AM,952,19924-01,Este valor no esta en el archivo de códigos
Advertencia,AM,953,19934768-10,Este valor no esta en el archivo de códigos
Advertencia,AM,954,19943961-03,Este valor no esta en el archivo de códigos
Advertencia,AM,955,17145-02,Este valor no esta en el archivo de códigos
Advertencia,AM,956,A11DT009141,Este valor no esta en el archivo de códigos
Advertencia,AM,957,19934768-10,Este valor no esta en el archivo de códigos
Advertencia,AM,958,19943961-03,Este valor no esta en el archivo de códigos
Advertencia,AM,959,17145-02,Este valor no esta en el archivo de códigos
Advertencia,AM,960,C03AH006011,Este valor no esta en el archivo de códigos
Advertencia,AM,961,19927833-03,Este valor no esta en el archivo de códigos
Advertencia,AM,962,19965399-06,Este valor no esta en el archivo de códigos
Advertencia,AM,963,19914806-03,Este valor no esta en el archivo de códigos
Advertencia,AM,964,B03BF014011,Este valor no esta en el archivo de códigos
Advertencia,AM,965,10311204501,Este valor no esta en el archivo de códigos
Advertencia,AM,966,19944375-04,Este valor no esta en el archivo de códigos
Advertencia,AM,967,17145-02,Este valor no esta en el archivo de códigos
Advertencia,AM,968,19917705-02,Este valor no esta en el archivo de códigos
Advertencia,AM,969,C08DV016011,Este valor no esta en el archivo de códigos
Advertencia,AM,970,19962943-01,Este valor no esta en el archivo de códigos
Advertencia,AM,971,C03AH006011,Este valor no esta en el archivo de códigos
Advertencia,AM,972,19905554-04,Este valor no esta en el archivo de códigos
Advertencia,AM,973,B04AC035251,Este valor no esta en el archivo de códigos
Advertencia,AM,974,17145-02,Este valor no esta en el archivo de códigos
Advertencia,AM,975,19972152-01,Este valor no esta en el archivo de códigos
Advertencia,AM,976,17134-01,Este valor no esta en el archivo de códigos
Advertencia,AM,977,C02AA011011,Este valor no esta en el archivo de códigos
Advertencia,AM,978,C03AH006011,Este valor no esta en el archivo de códigos
Advertencia,AM,979,19917705-02,Este valor no esta en el archivo de códigos
Advertencia,AM,980,G03DM004711,Este valor no esta en el archivo de códigos
Advertencia,AM,981,19914806-03,Este valor no esta en el archivo de códigos
Advertencia,AM,982,19965399-06,Este valor no esta en el archivo de códigos
Advertencia,AM,983,B03BF014011,Este valor no esta en el archivo de códigos
Advertencia,AM,984,19962943-01,Este valor no esta en el archivo de códigos
Advertencia,AM,985,19936296-05,Este valor no esta en el archivo de códigos
Advertencia,AM,986,B03BF014011,Este valor no esta en el archivo de códigos
Advertencia,AM,987,H02AP027011,Este valor no esta en el archivo de códigos
Advertencia,AM,988,19942377-01,Este valor no esta en el archivo de códigos
Advertencia,AM,989,G03AL005161,Este valor no esta en el archivo de códigos
Advertencia,AM,990,19999392-03,Este valor no esta en el archivo de códigos
Advertencia,AM,991,G04AN010142,Este valor no esta en el archivo de códigos
Advertencia,AM,992,230361-01,Este valor no esta en el archivo de códigos
Advertencia,AM,993,A02BO002101,Este valor no esta en el archivo de códigos
Advertencia,AM,994,19924-01,Este valor no esta en el archivo de códigos
Advertencia,AM,995,33492-07,Este valor no esta en el archivo de códigos
Advertencia,AM,996,19934507-01,Este valor no esta en el archivo de códigos
Advertencia,AM,997,1031118096,Este valor no esta en el archivo de códigos
Advertencia,AM,998,R06AH015701,Este valor no esta en el archivo de códigos
Advertencia,AM,999,19943961-03,Este valor no esta en el archivo de códigos
Advertencia,AM,1000,R01AC041421,Este valor no esta en el archivo de códigos
Advertencia,AM,1001,R06AD018101,Este valor no esta en el archivo de códigos
Advertencia,AM,1002,19912860-01,Este valor no esta en el archivo de códigos
Advertencia,AM,1003,17145-02,Este valor no esta en el archivo de códigos
Advertencia,AM,1004,20002868-02,Este valor no esta en el archivo de códigos
Advertencia,AM,1005,G03AL005161,Este valor no esta en el archivo de códigos
Advertencia,AM,1006,17145-02,Este valor no esta en el archivo de códigos
Advertencia,AM,1007,N02BA001011,Este valor no esta en el archivo de códigos
Advertencia,AM,1008,19934507-01,Este valor no esta en el archivo de códigos
Advertencia,AM,1009,19934507-01,Este valor no esta en el archivo de códigos
Advertencia,AM,1010,19942648-01,Este valor no esta en el archivo de códigos
Advertencia,AM,1011,19934768-10,Este valor no esta en el archivo de códigos
Advertencia,AM,1012,N02BA001011,Este valor no esta en el archivo de códigos
Advertencia,AM,1013,M01AD015021,Este valor no esta en el archivo de códigos
Advertencia,AM,1014,N02BA001011,Este valor no esta en el archivo de códigos
Advertencia,AM,1015,19999392-03,Este valor no esta en el archivo de códigos
Advertencia,AM,1016,39293-01,Este valor no esta en el archivo de códigos
Advertencia,AM,1017,A02BO002101,Este valor no esta en el archivo de códigos
Advertencia,AM,1018,19924-01,Este valor no esta en el archivo de códigos
Advertencia,AM,1019,C07AM017161,Este valor no esta en el archivo de códigos
Advertencia,AM,1020,51334-03,Este valor no esta en el archivo de códigos
Advertencia,AM,1021,23947-02,Este valor no esta en el archivo de códigos
Advertencia,AM,1022,1981505-06,Este valor no esta en el archivo de códigos
Advertencia,AM,1023,A02BO002101,Este valor no esta en el archivo de códigos
Advertencia,AM,1024,N02BA001011,Este valor no esta en el archivo de códigos
Advertencia,AM,1025,C08CN008141,Este valor no esta en el archivo de códigos
Advertencia,AM,1026,19953919-06,Este valor no esta en el archivo de códigos
Advertencia,AM,1027,19924-01,Este valor no esta en el archivo de códigos
Advertencia,AM,1028,17145-02,Este valor no esta en el archivo de códigos
Advertencia,AM,1029,20002868-02,Este valor no esta en el archivo de códigos
Advertencia,AM,1030,19912860-01,Este valor no esta en el archivo de códigos
Advertencia,AM,1031,19934507-01,Este valor no esta en el archivo de códigos
Advertencia,AM,1032,19956780-01,Este valor no esta en el archivo de códigos
Advertencia,AM,1033,N02BA001011,Este valor no esta en el archivo de códigos
Advertencia,AM,1034,19999392-03,Este valor no esta en el archivo de códigos
Advertencia,AM,1035,19949535-01,Este valor no esta en el archivo de códigos
Advertencia,AM,1036,N02BA001011,Este valor no esta en el archivo de códigos
Advertencia,AM,1037,19934768-10,Este valor no esta en el archivo de códigos
Advertencia,AM,1038,19934768-10,Este valor no esta en el archivo de códigos
Advertencia,AM,1039,19917651-01,Este valor no esta en el archivo de códigos
Advertencia,AM,1040,17145-02,Este valor no esta en el archivo de códigos
Advertencia,AM,1041,N02BA001011,Este valor no esta en el archivo de códigos
Advertencia,AM,1042,H02AP027011,Este valor no esta en el archivo de códigos
Advertencia,AM,1043,19980849-01,Este valor no esta en el archivo de códigos
Advertencia,AM,1044,B04AC035251,Este valor no esta en el archivo de códigos
Advertencia,AM,1045,B01AW001011,Este valor no esta en el archivo de códigos
Advertencia,AM,1046,20002868-02,Este valor no esta en el archivo de códigos
Advertencia,AM,1047,19959763-01,Este valor no esta en el archivo de códigos
Advertencia,AM,1048,19934768-10,Este valor no esta en el archivo de códigos
Advertencia,AM,1049,19948782-03,Este valor no esta en el archivo de códigos
Advertencia,AM,1050,17145-02,Este valor no esta en el archivo de códigos
Advertencia,AM,1051,23947-02,Este valor no esta en el archivo de códigos
Advertencia,AM,1052,19917705-02,Este valor no esta en el archivo de códigos
Advertencia,AM,1053,19905554-04,Este valor no esta en el archivo de códigos
Advertencia,AM,1054,19962943-01,Este valor no esta en el archivo de códigos
Advertencia,AM,1055,20002868-02,Este valor no esta en el archivo de códigos
Advertencia,AM,1056,G03AL005161,Este valor no esta en el archivo de códigos
Advertencia,AM,1057,19942378-01,Este valor no esta en el archivo de códigos
Advertencia,AM,1058,214251-04,Este valor no esta en el archivo de códigos
Advertencia,AM,1059,17145-02,Este valor no esta en el archivo de códigos
Advertencia,AM,1060,N02BA001011,Este valor no esta en el archivo de códigos
Advertencia,AM,1061,R06AH015701,Este valor no esta en el archivo de códigos
Advertencia,AM,1062,19943961-03,Este valor no esta en el archivo de códigos
Advertencia,AM,1063,19980450-01,Este valor no esta en el archivo de códigos
Advertencia,AM,1064,C09AC004011,Este valor no esta en el archivo de códigos
Advertencia,AM,1065,19936296-05,Este valor no esta en el archivo de códigos
Advertencia,AM,1066,G01AM020501,Este valor no esta en el archivo de códigos
Advertencia,AM,1067,J02AF009101,Este valor no esta en el archivo de códigos
Advertencia,AM,1068,G03AL005161,Este valor no esta en el archivo de códigos
Advertencia,AM,1069,19999392-03,Este valor no esta en el archivo de códigos
Advertencia,AM,1070,44392-01,Este valor no esta en el archivo de códigos
Advertencia,AM,1071,51334-03,Este valor no esta en el archivo de códigos
Advertencia,AM,1072,C03AH006011,Este valor no esta en el archivo de códigos
Advertencia,AM,1073,19913783-02,Este valor no esta en el archivo de códigos
Advertencia,AM,1074,19955371-01,Este valor no esta en el archivo de códigos
Advertencia,AM,1075,20002868-02,Este valor no esta en el archivo de códigos
Advertencia,AM,1076,G03DM004711,Este valor no esta en el archivo de códigos
Advertencia,AM,1077,17145-02,Este valor no esta en el archivo de códigos
Advertencia,AM,1078,G03AL005161,Este valor no esta en el archivo de códigos
Advertencia,AM,1079,G03AL005161,Este valor no esta en el archivo de códigos
Advertencia,AM,1080,G03AL005161,Este valor no esta en el archivo de códigos
Advertencia,AM,1081,19965399-06,Este valor no esta en el archivo de códigos
Advertencia,AM,1082,B03BF014011,Este valor no esta en el archivo de códigos
Advertencia,AM,1083,19914806-03,Este valor no esta en el archivo de códigos
Advertencia,AM,1084,20002868-02,Este valor no esta en el archivo de códigos
Advertencia,AM,1085,C03AH006011,Este valor no esta en el archivo de códigos
Advertencia,AM,1086,51334-03,Este valor no esta en el archivo de códigos
Advertencia,AM,1087,C03AH006011,Este valor no esta en el archivo de códigos
Advertencia,AM,1088,C07AM017162,Este valor no esta en el archivo de códigos
Advertencia,AM,1089,19917705-02,Este valor no esta en el archivo de códigos
Advertencia,AM,1090,17135-01,Este valor no esta en el archivo de códigos
Advertencia,AM,1091,A02BO002101,Este valor no esta en el archivo de códigos
Advertencia,AM,1092,1981505-06,Este valor no esta en el archivo de códigos
Advertencia,AM,1093,19936296-05,Este valor no esta en el archivo de códigos
Advertencia,AM,1094,C07AM017161,Este valor no esta en el archivo de códigos
Advertencia,AM,1095,19917705-02,Este valor no esta en el archivo de códigos
Advertencia,AM,1096,A02BO002101,Este valor no esta en el archivo de códigos
Advertencia,AM,1097,19962943-01,Este valor no esta en el archivo de códigos
Advertencia,AM,1098,19917705-02,Este valor no esta en el archivo de códigos
Advertencia,AM,1099,C03AH006011,Este valor no esta en el archivo de códigos
Advertencia,AM,1100,19955566-01,Este valor no esta en el archivo de códigos
Advertencia,AM,1101,19936296-05,Este valor no esta en el archivo de códigos
Advertencia,AM,1102,19908144-01,Este valor no esta en el archivo de códigos
Advertencia,AM,1103,C03AH006011,Este valor no esta en el archivo de códigos
Advertencia,AM,1104,C07AM017161,Este valor no esta en el archivo de códigos
Advertencia,AM,1105,17134-01,Este valor no esta en el archivo de códigos
Advertencia,AM,1106,19917705-02,Este valor no esta en el archivo de códigos
Advertencia,AM,1107,51334-03,Este valor no esta en el archivo de códigos
Advertencia,AM,1108,19908144-01,Este valor no esta en el archivo de códigos
Advertencia,AM,1109,19905554-04,Este valor no esta en el archivo de códigos
Advertencia,AM,1110,C03AH006011,Este valor no esta en el archivo de códigos
Advertencia,AM,1111,19908144-01,Este valor no esta en el archivo de códigos
Advertencia,AM,1112,A02BO002101,Este valor no esta en el archivo de códigos
Advertencia,AM,1113,H03AL006011,Este valor no esta en el archivo de códigos
Advertencia,AM,1114,H03AL006012,Este valor no esta en el archivo de códigos
Advertencia,AM,1115,19925327-01,Este valor no esta en el archivo de códigos
Advertencia,AM,1116,A02BO002101,Este valor no esta en el archivo de códigos
Advertencia,AM,1117,19924-01,Este valor no esta en el archivo de códigos
Advertencia,AM,1118,N06AA024011,Este valor no esta en el archivo de códigos
Advertencia,AM,1119,19917705-02,Este valor no esta en el archivo de códigos
Advertencia,AM,1120,17134-01,Este valor no esta en el archivo de códigos
Advertencia,AM,1121,19917705-02,Este valor no esta en el archivo de códigos
Advertencia,AM,1122,C03AH006011,Este valor no esta en el archivo de códigos
Advertencia,AM,1123,19965399-06,Este valor no esta en el archivo de códigos
Advertencia,AM,1124,B03BF014011,Este valor no esta en el archivo de códigos
Advertencia,AM,1125,19914806-03,Este valor no esta en el archivo de códigos
Advertencia,AM,1126,M01AD015021,Este valor no esta en el archivo de códigos
Advertencia,AM,1127,201967-01,Este valor no esta en el archivo de códigos
Advertencia,AM,1128,J01DI004721,Este valor no esta en el archivo de códigos
Advertencia,AM,1129,20002868-02,Este valor no esta en el archivo de códigos
Advertencia,AM,1130,51334-03,Este valor no esta en el archivo de códigos
Advertencia,AM,1131,55500-02,Este valor no esta en el archivo de códigos
Advertencia,AM,1132,C03AH006011,Este valor no esta en el archivo de códigos
Advertencia,AM,1133,19962943-01,Este valor no esta en el archivo de códigos
Advertencia,AM,1134,H03AL006011,Este valor no esta en el archivo de códigos
Advertencia,AM,1135,19956947-03,Este valor no esta en el archivo de códigos
Advertencia,AM,1136,A02BO002101,Este valor no esta en el archivo de códigos
Advertencia,AM,1137,20002868-02,Este valor no esta en el archivo de códigos
Advertencia,AM,1138,20002868-02,Este valor no esta en el archivo de códigos
Advertencia,AM,1139,H03AL006011,Este valor no esta en el archivo de códigos
Advertencia,AM,1140,19930226-01,Este valor no esta en el archivo de códigos
Advertencia,AM,1141,19953919-06,Este valor no esta en el archivo de códigos
Advertencia,AM,1142,19917705-02,Este valor no esta en el archivo de códigos
Advertencia,AM,1143,19936296-05,Este valor no esta en el archivo de códigos
Advertencia,AM,1144,17134-01,Este valor no esta en el archivo de códigos
Advertencia,AM,1145,C03AH006011,Este valor no esta en el archivo de códigos
Advertencia,AM,1146,C07AM017161,Este valor no esta en el archivo de códigos
Advertencia,AM,1147,19953919-06,Este valor no esta en el archivo de códigos
Advertencia,AM,1148,19962943-01,Este valor no esta en el archivo de códigos
Advertencia,AM,1149,19913783-02,Este valor no esta en el archivo de códigos
Advertencia,AM,1150,N02BA001011,Este valor no esta en el archivo de códigos
Advertencia,AM,1151,1031118096,Este valor no esta en el archivo de códigos
Advertencia,AM,1152,19917705-02,Este valor no esta en el archivo de códigos
Advertencia,AM,1153,C03AH006011,Este valor no esta en el archivo de códigos
Advertencia,AM,1154,C08DV016011,Este valor no esta en el archivo de códigos
Advertencia,AM,1155,C02CP026011,Este valor no esta en el archivo de códigos
Advertencia,AM,1156,C07AM017161,Este valor no esta en el archivo de códigos
Advertencia,AM,1157,19917705-02,Este valor no esta en el archivo de códigos
Advertencia,AM,1158,C03AH006011,Este valor no esta en el archivo de códigos
Advertencia,AM,1159,19962943-01,Este valor no esta en el archivo de códigos
Advertencia,AM,1160,H03AL006011,Este valor no esta en el archivo de códigos
Advertencia,AM,1161,1981505-06,Este valor no esta en el archivo de códigos
Advertencia,AM,1162,C08DV016011,Este valor no esta en el archivo de códigos
Advertencia,AM,1163,19917705-02,Este valor no esta en el archivo de códigos
Advertencia,AM,1164,23947-02,Este valor no esta en el archivo de códigos
Advertencia,AM,1165,H03AL006012,Este valor no esta en el archivo de códigos
Advertencia,AM,1166,19955371-01,Este valor no esta en el archivo de códigos
Advertencia,AM,1167,19953919-06,Este valor no esta en el archivo de códigos
Advertencia,AM,1168,A02BR001012,Este valor no esta en el archivo de códigos
Advertencia,AM,1169,19917705-02,Este valor no esta en el archivo de códigos
Advertencia,AM,1170,C03AH006011,Este valor no esta en el archivo de códigos
Advertencia,AM,1171,C02CP026011,Este valor no esta en el archivo de códigos
Advertencia,AM,1172,C03AH006011,Este valor no esta en el archivo de códigos
Advertencia,AM,1173,19962943-01,Este valor no esta en el archivo de códigos